fri_sam_time,fri_sam_id,fri_sam_x,fri_sam_y
24,1438.0-3521.0,41.61121677098903,69.62075291026277
26,1438.0-3521.0,46.41723156220044,77.44131169790211
28,1438.0-3521.0,51.22324635341185,85.26187048554145
28,7046.0-1094.0,40.43472472381781,70.25181429674714
30,1438.0-3521.0,56.02926114462326,93.0824292731808
30,7046.0-1094.0,43.80083782152132,78.79161526267924
32,1438.0-3521.0,60.83527593583467,100.90298806082014
32,7046.0-1094.0,47.16695091922483,87.33141622861133
32,9249.0-2211.0,39.64990731284332,70.50562977988196
34,1438.0-3521.0,65.64129072704608,108.72354684845948
34,7046.0-1094.0,50.53306401692834,95.87121719454342
34,9249.0-2211.0,41.96779335323567,79.38742702075726
36,1438.0-3521.0,70.4473055182575,116.54410563609882
36,7046.0-1094.0,53.899177114631854,104.4110181604755
36,9249.0-2211.0,44.28567939362802,88.26922426163256
36,9093.0-299.0,40.56559096684007,70.22110321578751
38,1438.0-3521.0,75.2533203094689,124.36466442373816
38,7046.0-1094.0,57.265290212335366,112.9508191264076
38,9249.0-2211.0,46.603565434020375,97.15102150250786
38,9093.0-299.0,43.535751014892504,78.90655468437674
40,1438.0-3521.0,80.05933510068031,132.18522321137752
40,7046.0-1094.0,60.63140331003888,121.4906200923397
40,9249.0-2211.0,48.92145147441273,106.03281874338316
40,9093.0-299.0,46.50591106294494,87.59200615296598
40,1843.0-237.0,40.29775948622677,70.2967981852167
42,1438.0-3521.0,84.86534989189173,140.00578199901688
42,7046.0-1094.0,63.99751640774238,130.0304210582718
42,9249.0-2211.0,51.23933751480508,114.91461598425846
42,9093.0-299.0,49.476071110997374,96.27745762155521
42,1843.0-237.0,42.73667840732923,79.14612541504351
44,1438.0-3521.0,89.67136468310314,147.82634078665623
44,7046.0-1094.0,67.36362950544589,138.5702220242039
44,9249.0-2211.0,53.55722355519743,123.79641322513376
44,9093.0-299.0,52.44623115904981,104.96290909014445
44,1843.0-237.0,45.17559732843169,87.99545264487033
46,1438.0-3521.0,94.47737947431455,155.6468995742956
46,7046.0-1094.0,70.72974260314939,147.110022990136
46,9249.0-2211.0,55.875109595589784,132.67821046600906
46,9093.0-299.0,55.416391207102244,113.64836055873369
46,1843.0-237.0,47.614516249534155,96.84477987469714
48,1438.0-3521.0,99.28339426552596,163.46745836193494
48,7046.0-1094.0,74.0958557008529,155.6498239560681
48,9249.0-2211.0,58.192995635982136,141.56000770688436
48,9093.0-299.0,58.38655125515468,122.33381202732292
48,1843.0-237.0,50.05343517063662,105.69410710452395
50,1438.0-3521.0,104.08940905673737,171.2880171495743
50,7046.0-1094.0,77.4619687985564,164.1896249220002
50,9249.0-2211.0,60.51088167637449,150.44180494775966
50,9093.0-299.0,61.35671130320711,131.01926349591216
50,1843.0-237.0,52.49235409173908,114.54343433435076
52,1438.0-3521.0,108.89542384794878,179.10857593721366
52,7046.0-1094.0,80.8280818962599,172.7294258879323
52,9249.0-2211.0,62.82876771676684,159.32360218863496
52,9093.0-299.0,64.32687135125956,139.7047149645014
52,1843.0-237.0,54.931273012841544,123.39276156417758
52,6749.0-2973.0,41.82948940016046,69.79361073698499
54,1438.0-3521.0,113.70143863916019,186.92913472485301
54,7046.0-1094.0,84.19419499396341,181.2692268538644
54,9249.0-2211.0,65.1466537571592,168.20539942951027
54,9093.0-299.0,67.29703139931199,148.39016643309063
54,1843.0-237.0,57.37019193394401,132.2420887940044
54,6749.0-2973.0,45.00990929618661,78.40429289400524
56,1438.0-3521.0,118.5074534303716,194.74969351249237
56,7046.0-1094.0,87.56030809166691,189.8090278197965
56,9249.0-2211.0,67.46453979755155,177.08719667038557
56,9093.0-299.0,70.26719144736443,157.07561790167986
56,1843.0-237.0,59.80911085504647,141.0914160238312
56,6749.0-2973.0,48.190329192212765,87.01497505102549
56,5333.0-217.0,41.15065650063479,69.99696549350818
58,1438.0-3521.0,123.31346822158301,202.57025230013173
58,7046.0-1094.0,90.92642118937042,198.3488287857286
58,9249.0-2211.0,69.7824258379439,185.96899391126087
58,9093.0-299.0,73.23735149541686,165.7610693702691
58,1843.0-237.0,62.24802977614893,149.94074325365798
58,6749.0-2973.0,51.37074908823892,95.62565720804574
58,5333.0-217.0,43.3888338507986,78.89918319886002
60,1438.0-3521.0,128.1194830127944,210.39081108777108
60,7046.0-1094.0,94.29253428707392,206.88862975166072
60,9249.0-2211.0,72.10031187833626,194.85079115213617
60,9093.0-299.0,76.2075115434693,174.44652083885833
60,1843.0-237.0,64.6869486972514,158.79007048348478
60,6749.0-2973.0,54.55116898426507,104.23633936506599
60,5333.0-217.0,45.62701120096241,87.80140090421185
60,5614.0-1648.0,42.59779337994397,69.52416565724862
62,1438.0-3521.0,132.9254978040058,218.21136987541044
62,7046.0-1094.0,97.65864738477744,215.42843071759282
62,9249.0-2211.0,74.41819791872861,203.73258839301147
62,9093.0-299.0,79.17767159152173,183.13197230744757
62,1843.0-237.0,67.12586761835387,167.63939771331158
62,6749.0-2973.0,57.73158888029122,112.84702152208624
62,5333.0-217.0,47.86518855112622,96.70361860956368
62,5614.0-1648.0,46.0196979630803,78.04176431814926
64,1438.0-3521.0,137.73151259521723,226.0319286630498
64,7046.0-1094.0,101.02476048248096,223.96823168352492
64,9249.0-2211.0,76.73608395912096,212.61438563388677
64,9093.0-299.0,82.14783163957416,191.8174237760368
64,1843.0-237.0,69.56478653945632,176.48872494313838
64,6749.0-2973.0,60.91200877631737,121.45770367910649
64,5333.0-217.0,50.103365901290026,105.6058363149155
64,5614.0-1648.0,49.44160254621662,86.55936297904991
64,5030.0-559.0,41.45609607591739,69.87335383333127
66,1438.0-3521.0,142.53752738642862,233.85248745068915
66,7046.0-1094.0,104.39087358018448,232.50803264945702
66,9249.0-2211.0,79.05396999951331,221.49618287476207
66,9093.0-299.0,85.1179916876266,200.50287524462604
66,1843.0-237.0,72.00370546055879,185.33805217296518
66,6749.0-2973.0,64.09242867234353,130.06838583612674
66,5333.0-217.0,52.341543251453835,114.50805402026734
66,5614.0-1648.0,52.863507129352946,95.07696163995055
66,5030.0-559.0,43.47289370869046,78.82832146212294
68,1438.0-3521.0,147.34354217764005,241.6730462383285
68,7046.0-1094.0,107.756986677888,241.04783361538912
68,9249.0-2211.0,81.37185603990567,230.37798011563737
68,9093.0-299.0,88.08815173567903,209.18832671321528
68,1843.0-237.0,74.44262438166125,194.18737940279198
68,6749.0-2973.0,67.27284856836968,138.679067993147
68,5333.0-217.0,54.579720601617645,123.41027172561917
68,5614.0-1648.0,56.28541171248927,103.5945603008512
68,5030.0-559.0,45.489691341463526,87.78328909091462
68,6072.0-2830.0,43.678611470389626,69.10372402514425
70,1438.0-3521.0,152.14955696885147,249.49360502596787
70,7046.0-1094.0,111.1230997755915,249.58763458132123
70,9249.0-2211.0,83.68974208029802,239.25977735651267
70,9093.0-299.0,91.05831178373147,217.8737781818045
70,1843.0-237.0,76.8815433027637,203.03670663261877
70,6749.0-2973.0,70.45326846439583,147.28975015016724
70,5333.0-217.0,56.817897951781454,132.312489430971
70,5614.0-1648.0,59.707316295625596,112.11215896175185
70,5030.0-559.0,47.506488974236596,96.7382567197063
70,6072.0-2830.0,47.654514851298266,77.37724263755729
72,1438.0-3521.0,156.95557176006287,257.3141638136072
72,7046.0-1094.0,114.48921287329502,258.1274355472533
72,9249.0-2211.0,86.00762812069037,248.14157459738797
72,9093.0-299.0,94.0284718317839,226.55922965039375
72,1843.0-237.0,79.32046222386617,211.88603386244557
72,6749.0-2973.0,73.63368836042198,155.9004323071875
72,5333.0-217.0,59.05607530194526,141.21470713632283
72,5614.0-1648.0,63.12922087876192,120.62975762265249
72,5030.0-559.0,49.523286607009666,105.69322434849798
72,6072.0-2830.0,51.63041823220691,85.65076124997033
72,68.0-3087.0,42.77347448872387,69.48145629501798
74,1438.0-3521.0,161.76158655127426,265.13472260124655
74,7046.0-1094.0,117.85532597099852,266.6672365131854
74,9249.0-2211.0,88.32551416108272,257.02337183826324
74,9093.0-299.0,96.99863187983634,235.24468111898298
74,1843.0-237.0,81.75938114496863,220.73536109227237
74,6749.0-2973.0,76.81410825644814,164.51111446420774
74,5333.0-217.0,61.29425265210907,150.11692484167466
74,5614.0-1648.0,66.55112546189825,129.14735628355314
74,5030.0-559.0,51.540084239782736,114.64819197728966
74,6072.0-2830.0,55.60632161311555,93.92427986238337
74,68.0-3087.0,45.58083124163009,78.22088796911314
76,1438.0-3521.0,166.5676013424857,272.9552813888859
76,7046.0-1094.0,121.22143906870204,275.2070374791175
76,9249.0-2211.0,90.64340020147507,265.90516907913855
76,9093.0-299.0,99.96879192788877,243.93013258757222
76,1843.0-237.0,84.19830006607108,229.58468832209917
76,6749.0-2973.0,79.99452815247429,173.121796621228
76,5333.0-217.0,63.53243000227288,159.0191425470265
76,5614.0-1648.0,69.97303004503458,137.66495494445377
76,5030.0-559.0,53.556881872555806,123.60315960608133
76,6072.0-2830.0,59.58222499402419,102.19779847479641
76,68.0-3087.0,48.3881879945363,86.9603196432083
76,9121.0-3953.0,44.898626829786735,68.55690831527323
78,1438.0-3521.0,171.3736161336971,280.77584017652526
78,7046.0-1094.0,124.58755216640554,283.7468384450496
78,9249.0-2211.0,92.96128624186743,274.78696632001385
78,9093.0-299.0,102.93895197594121,252.61558405616145
78,1843.0-237.0,86.63721898717355,238.43401555192597
78,6749.0-2973.0,83.17494804850044,181.73247877824824
78,5333.0-217.0,65.7706073524367,167.92136025237832
78,5614.0-1648.0,73.3949346281709,146.1825536053544
78,5030.0-559.0,55.573679505328876,132.558127234873
78,6072.0-2830.0,63.55812837493283,110.47131708720946
78,68.0-3087.0,51.19554474744252,95.69975131730345
78,9121.0-3953.0,49.56772627741915,76.45997280143203
80,1438.0-3521.0,176.17963092490854,288.5963989641646
80,7046.0-1094.0,127.95366526410906,292.2866394109817
80,9249.0-2211.0,95.27917228225978,283.66876356088915
80,9093.0-299.0,105.90911202399364,261.3010355247507
80,1843.0-237.0,89.07613790827601,247.28334278175276
80,6749.0-2973.0,86.35536794452659,190.3431609352685
80,5333.0-217.0,68.00878470260051,176.82357795773015
80,5614.0-1648.0,76.81683921130723,154.70015226625503
80,5030.0-559.0,57.590477138101946,141.5130948636647
80,6072.0-2830.0,67.53403175584147,118.7448356996225
80,68.0-3087.0,54.002901500348734,104.43918299139861
80,9121.0-3953.0,54.23682572505156,84.36303728759084
80,9921.0-4794.0,44.62488712793547,68.7623639773164
82,1438.0-3521.0,180.98564571611996,296.416957751804
82,7046.0-1094.0,131.31977836181258,300.8264403769138
82,9249.0-2211.0,97.59705832265213,292.55056080176445
82,9093.0-299.0,108.87927207204608,269.98648699333995
82,1843.0-237.0,91.51505682937847,256.1326700115796
82,6749.0-2973.0,89.53578784055274,198.95384309228874
82,5333.0-217.0,70.24696205276432,185.72579566308198
82,5614.0-1648.0,80.23874379444355,163.21775092715566
82,5030.0-559.0,59.607274770875016,150.46806249245637
82,6072.0-2830.0,71.50993513675012,127.01835431203554
82,68.0-3087.0,56.81025825325495,113.17861466549377
82,9121.0-3953.0,58.90592517268397,92.26610177374965
82,9921.0-4794.0,48.756837227379954,76.95906491732674
84,1438.0-3521.0,185.79166050733136,304.23751653944333
84,7046.0-1094.0,134.68589145951609,309.3662413428459
84,9249.0-2211.0,99.91494436304448,301.43235804263975
84,9093.0-299.0,111.84943212009851,278.6719384619292
84,1843.0-237.0,93.95397575048094,264.9819972414064
84,6749.0-2973.0,92.7162077365789,207.56452524930899
84,5333.0-217.0,72.48513940292813,194.6280133684338
84,5614.0-1648.0,83.66064837757988,171.7353495880563
84,5030.0-559.0,61.624072403648086,159.42303012124805
84,6072.0-2830.0,75.48583851765876,135.2918729244486
84,68.0-3087.0,59.61761500616117,121.91804633958893
84,9121.0-3953.0,63.575024620316384,100.16916625990845
84,9921.0-4794.0,52.888787326824435,85.15576585733709
84,7920.0-1426.0,46.24194169564009,67.83731683548022
86,1438.0-3521.0,190.59767529854278,312.0580753270827
86,7046.0-1094.0,138.0520045572196,317.906042308778
86,9249.0-2211.0,102.23283040343684,310.31415528351505
86,9093.0-299.0,114.81959216815095,287.3573899305184
86,1843.0-237.0,96.3928946715834,273.83132447123324
86,6749.0-2973.0,95.89662763260505,216.17520740632924
86,5333.0-217.0,74.72331675309194,203.53023107378564
86,5614.0-1648.0,87.0825529607162,180.25294824895693
86,5030.0-559.0,63.640870036421155,168.37799775003973
86,6072.0-2830.0,79.46174189856741,143.56539153686165
86,68.0-3087.0,62.42497175906738,130.65747801368408
86,9121.0-3953.0,68.2441240679488,108.07223074606726
86,9921.0-4794.0,57.020737426268916,93.35246679734743
86,7920.0-1426.0,51.72753671645251,75.19715142546278
88,1438.0-3521.0,195.4036900897542,319.87863411472205
88,7046.0-1094.0,138.9185556818377,327.0443138670482
88,9249.0-2211.0,104.55071644382919,319.19595252439035
88,9093.0-299.0,117.78975221620338,296.04284139910766
88,1843.0-237.0,98.83181359268588,282.68065170106007
88,6749.0-2973.0,99.0770475286312,224.78588956334949
88,5333.0-217.0,76.96149410325575,212.43244877913747
88,5614.0-1648.0,90.50445754385252,188.77054690985756
88,5030.0-559.0,65.65766766919423,177.3329653788314
88,6072.0-2830.0,83.43764527947606,151.8389101492747
88,68.0-3087.0,65.2323285119736,139.39690968777924
88,9121.0-3953.0,72.91322351558122,115.97529523222607
88,9921.0-4794.0,61.1526875257134,101.54916773735778
88,7920.0-1426.0,57.21313173726494,82.55698601544533
88,6249.0-2390.0,44.9989984442555,68.66121477831273
90,1438.0-3521.0,191.45119137637516,328.16335932712366
90,9249.0-2211.0,106.86860248422154,328.07774976526565
90,9093.0-299.0,120.75991226425582,304.7282928676969
90,1843.0-237.0,101.27073251378835,291.5299789308869
90,6749.0-2973.0,102.25746742465735,233.39657172036974
90,5333.0-217.0,79.19967145341955,221.3346664844893
90,5614.0-1648.0,93.92636212698885,197.2881455707582
90,5030.0-559.0,67.67446530196729,186.28793300762308
90,6072.0-2830.0,87.4135486603847,160.11242876168777
90,68.0-3087.0,68.03968526487982,148.1363413618744
90,9121.0-3953.0,77.58232296321364,123.87835971838487
90,9921.0-4794.0,65.28463762515787,109.74586867736812
90,7920.0-1426.0,62.69872675807736,89.91682060542789
90,6249.0-2390.0,48.97824056734667,76.93312810293617
92,9249.0-2211.0,109.18648852461389,336.95954700614095
92,9093.0-299.0,123.73007231230825,313.41374433628613
92,1843.0-237.0,103.7096514348908,300.3793061607137
92,6749.0-2973.0,105.4378873206835,242.00725387738999
92,5333.0-217.0,81.43784880358336,230.23688418984113
92,5614.0-1648.0,97.34826671012517,205.80574423165882
92,5030.0-559.0,69.69126293474035,195.24290063641476
92,6072.0-2830.0,91.38945204129335,168.38594737410082
92,68.0-3087.0,70.84704201778604,156.87577303596956
92,9121.0-3953.0,82.25142241084606,131.78142420454367
92,9921.0-4794.0,69.41658772460235,117.94256961737847
92,7920.0-1426.0,68.18432177888978,97.27665519541044
92,6249.0-2390.0,52.957482690437836,85.2050414275596
92,1957.0-1912.0,44.3676355239518,68.94663773604101
94,9249.0-2211.0,111.50437456500626,345.84134424701625
94,9093.0-299.0,126.70023236036069,322.09919580487536
94,1843.0-237.0,106.14857035599327,309.22863339054055
94,6749.0-2973.0,108.61830721670965,250.61793603441023
94,5333.0-217.0,83.67602615374717,239.13910189519297
94,5614.0-1648.0,100.7701712932615,214.32334289255945
94,5030.0-559.0,71.70806056751341,204.19786826520644
94,6072.0-2830.0,95.365355422202,176.65946598651388
94,68.0-3087.0,73.65439877069225,165.61520471006472
94,9121.0-3953.0,86.92052185847848,139.68448869070247
94,9921.0-4794.0,73.54853782404683,126.13927055738881
94,7920.0-1426.0,73.66991679970221,104.63648978539301
94,6249.0-2390.0,56.936724813529004,93.47695475218305
94,1957.0-1912.0,47.452105080402596,77.59215481020112
96,9249.0-2211.0,114.42749030459656,354.54274139329254
96,9093.0-299.0,129.6703924084131,330.7846472734646
96,1843.0-237.0,108.58748927709574,318.0779606203674
96,6749.0-2973.0,111.7987271127358,259.2286181914305
96,5333.0-217.0,85.91420350391098,248.0413196005448
96,5614.0-1648.0,104.19207587639782,222.84094155346008
96,5030.0-559.0,73.72485820028648,213.15283589399812
96,6072.0-2830.0,99.34125880311065,184.93298459892694
96,68.0-3087.0,76.46175552359847,174.35463638415987
96,9121.0-3953.0,91.5896213061109,147.58755317686126
96,9921.0-4794.0,77.68048792349131,134.33597149739916
96,7920.0-1426.0,79.15551182051463,111.99632437537556
96,6249.0-2390.0,60.91596693662017,101.74886807680649
96,1957.0-1912.0,50.536574636853395,86.23767188436123
96,539.0-2258.0,43.96743738572071,69.0672239295378
98,9249.0-2211.0,117.36243332721281,363.24015637581823
98,9093.0-299.0,131.4088986367269,339.7977773634156
98,1843.0-237.0,111.02640819819821,326.9272878501942
98,6749.0-2973.0,114.97914700876196,267.8393003484507
98,5333.0-217.0,88.15238085407479,256.9435373058966
98,5614.0-1648.0,107.61398045953415,231.35854021436072
98,5030.0-559.0,75.74165583305955,222.1078035227898
98,6072.0-2830.0,103.3171621840193,193.20650321134
98,68.0-3087.0,79.26911227650469,183.09406805825503
98,9121.0-3953.0,96.25872075374332,155.49061766302006
98,9921.0-4794.0,81.8124380229358,142.5326724374095
98,7920.0-1426.0,84.64110684132706,119.35615896535813
98,6249.0-2390.0,64.89520905971133,110.02078140142993
98,1957.0-1912.0,53.62104419330419,94.88318895852134
98,539.0-2258.0,46.38829915760375,77.92150798900309
100,9249.0-2211.0,120.31253805286595,371.9324403122727
100,9093.0-299.0,133.14222213595556,348.8119055836756
100,1843.0-237.0,113.46532711930067,335.77661508002103
100,6749.0-2973.0,118.15956690478811,276.4499825054709
100,5333.0-217.0,90.3905582042386,265.8457550112484
100,5614.0-1648.0,111.03588504267047,239.87613887526135
100,5030.0-559.0,77.75845346583262,231.06277115158147
100,6072.0-2830.0,107.29306556492794,201.48002182375305
100,68.0-3087.0,82.0764690294109,191.8334997323502
100,9121.0-3953.0,100.92782020137574,163.39368214917886
100,9921.0-4794.0,85.94438812238027,150.72937337741985
100,7920.0-1426.0,90.12670186213948,126.7159935553407
100,6249.0-2390.0,68.8744511828025,118.29269472605337
100,1957.0-1912.0,56.70551374975499,103.52870603268146
100,539.0-2258.0,48.80916092948679,86.77579204846838
100,9820.0-620.0,44.809885773690695,68.79998327325012
102,9249.0-2211.0,123.2833361194772,380.61767357175887
102,9093.0-299.0,134.8691853645191,357.8272544915912
102,1843.0-237.0,117.08469074561775,344.21220189213784
102,6749.0-2973.0,121.33998680081426,285.06066466249115
102,5333.0-217.0,92.62873555440241,274.7479727166002
102,5614.0-1648.0,114.4577896258068,248.39373753616198
102,5030.0-559.0,79.77525109860568,240.01773878037315
102,6072.0-2830.0,111.26896894583659,209.7535404361661
102,68.0-3087.0,84.88382578231712,200.57293140644535
102,9121.0-3953.0,105.59691964900816,171.29674663533766
102,9921.0-4794.0,90.07633822182476,158.9260743174302
102,7920.0-1426.0,95.61229688295191,134.07582814532327
102,6249.0-2390.0,72.85369330589367,126.56460805067681
102,1957.0-1912.0,59.78998330620579,112.17422310684157
102,539.0-2258.0,51.230022701369826,95.63007610793366
102,9820.0-620.0,47.809786287207054,77.47520746823609
104,9249.0-2211.0,126.28552339748437,389.29210666401553
104,9093.0-299.0,136.58802001952185,366.8441566953986
104,1843.0-237.0,120.77237201717246,352.61814769042195
104,6749.0-2973.0,124.52040669684041,293.67134681951137
104,5333.0-217.0,94.86691290456622,283.650190421952
104,5614.0-1648.0,117.87969420894312,256.9113361970626
104,5030.0-559.0,81.79204873137876,248.97270640916483
104,6072.0-2830.0,115.24487232674524,218.02705904857916
104,68.0-3087.0,87.69118253522333,209.3123630805405
104,9121.0-3953.0,110.26601909664058,179.19981112149645
104,9921.0-4794.0,94.20828832126924,167.12277525744054
104,7920.0-1426.0,101.09789190376434,141.43566273530584
104,6249.0-2390.0,76.83293542898484,134.83652137530024
104,1957.0-1912.0,62.87445286265659,120.81974018100168
104,539.0-2258.0,53.650884473252866,104.48436016739895
104,9820.0-620.0,50.80968680072341,86.15043166322207
104,1194.0-3693.0,44.925128688891085,68.76163028393394
106,9249.0-2211.0,129.34691761726927,397.94582166714184
106,9093.0-299.0,138.2958150850451,375.8631563039162
106,1843.0-237.0,124.54329565365052,360.9870814846467
106,6749.0-2973.0,127.70082659286656,302.2820289765316
106,5333.0-217.0,97.10509025473003,292.5524081273038
106,5614.0-1648.0,121.30159879207945,265.42893485796327
106,5030.0-559.0,83.80884636415183,257.9276740379565
106,6072.0-2830.0,119.22077570765389,226.30057766099222
106,68.0-3087.0,90.49853928812955,218.05179475463567
106,9121.0-3953.0,114.93511854427298,187.10287560765525
106,9921.0-4794.0,98.34023842071372,175.31947619745088
106,7920.0-1426.0,106.58348692457676,148.7954973252884
106,6249.0-2390.0,80.81217755207601,143.10843469992366
106,1957.0-1912.0,65.9589224191074,129.4652572551618
106,539.0-2258.0,56.071746245135905,113.33864422686423
106,9820.0-620.0,53.80958731423977,94.82565585820805
106,1194.0-3693.0,47.776862471271166,77.48668228141213
108,9093.0-299.0,139.98701717279795,384.8852820746338
108,1843.0-237.0,128.41957849503564,369.30773946691284
108,6749.0-2973.0,130.8812464888927,310.8927111335518
108,5333.0-217.0,99.34326760489384,301.4546258326556
108,5614.0-1648.0,124.72350337521577,273.94653351886393
108,5030.0-559.0,85.8256439969249,266.88264166674816
108,6072.0-2830.0,123.19667908856253,234.57409627340527
108,68.0-3087.0,93.30589604103577,226.79122642873082
108,9121.0-3953.0,119.60421799190539,195.00594009381405
108,9921.0-4794.0,102.4721885201582,183.51617713746123
108,7920.0-1426.0,112.06908194538919,156.15533191527098
108,6249.0-2390.0,84.79141967516718,151.3803480245471
108,1957.0-1912.0,69.0433919755582,138.1107743293219
108,539.0-2258.0,58.49260801701894,122.19292828632952
108,9820.0-620.0,56.80948782775613,103.50088005319402
108,1194.0-3693.0,50.628596253651246,86.21173427889032
108,5873.0-2358.0,45.53615475108204,68.55206393595735
110,9093.0-299.0,141.64760591259954,393.9130926044084
110,1843.0-237.0,132.436941791038,377.56120601571513
110,6749.0-2973.0,134.06166638491885,319.50339329057203
110,5333.0-217.0,101.58144495505765,310.3568435380074
110,5614.0-1648.0,128.1454079583521,282.4641321797646
110,5030.0-559.0,87.84244162969796,275.83760929553983
110,6072.0-2830.0,127.17258246947118,242.84761488581833
110,68.0-3087.0,96.11325279394198,235.53065810282598
110,9121.0-3953.0,124.27331743953779,202.90900457997284
110,9921.0-4794.0,106.60413861960268,191.71287807747157
110,7920.0-1426.0,117.55467696620161,163.51516650525355
110,6249.0-2390.0,88.77066179825835,159.65226134917052
110,1957.0-1912.0,72.12786153200899,146.75629140348204
110,539.0-2258.0,60.91346978890198,131.0472123457948
110,9820.0-620.0,59.80938834127249,112.17610424818
110,1194.0-3693.0,53.480330036031326,94.93678627636851
110,5873.0-2358.0,48.7355049493164,77.15573037726733
112,1843.0-237.0,136.66147922976992,385.7105741723895
112,6749.0-2973.0,137.242086280945,328.11407544759226
112,5333.0-217.0,103.81962230522146,319.2590612433592
112,5614.0-1648.0,131.56731254148843,290.98173084066525
112,5030.0-559.0,89.85923926247104,284.7925769243315
112,6072.0-2830.0,131.1484858503798,251.1211334982314
112,68.0-3087.0,98.9206095468482,244.27008977692114
112,9121.0-3953.0,128.9424168871702,210.81206906613164
112,9921.0-4794.0,110.73608871904716,199.90957901748192
112,7920.0-1426.0,123.04027198701404,170.87500109523612
112,6249.0-2390.0,92.74990392134951,167.92417467379394
112,1957.0-1912.0,75.21233108845979,155.40180847764216
112,539.0-2258.0,63.33433156078502,139.9014964052601
112,9820.0-620.0,62.809288854788846,120.85132844316597
112,1194.0-3693.0,56.332063818411406,103.6618382738467
112,5873.0-2358.0,51.93485514755076,85.75939681857732
112,1071.0-1146.0,45.750320816619194,68.48203473751468
114,1843.0-237.0,141.25026386532485,393.6605410586577
114,6749.0-2973.0,140.42250617697113,336.7247576046125
114,5333.0-217.0,106.05779965538527,328.161278948711
114,5614.0-1648.0,134.98921712462476,299.4993295015659
114,5030.0-559.0,91.87603689524411,293.7475445531232
114,6072.0-2830.0,135.12438923128846,259.3946521106444
114,68.0-3087.0,101.72796629975443,253.0095214510163
114,9121.0-3953.0,133.61151633480262,218.71513355229044
114,9921.0-4794.0,114.86803881849164,208.10627995749226
114,7920.0-1426.0,128.52586700782646,178.23483568521868
114,6249.0-2390.0,96.72914604444068,176.19608799841737
114,1957.0-1912.0,78.29680064491059,164.0473255518023
114,539.0-2258.0,65.75519333266806,148.7557804647254
114,9820.0-620.0,65.80918936830521,129.52655263815194
114,1194.0-3693.0,59.183797600791486,112.38689027132489
114,5873.0-2358.0,55.134205345785126,94.3630632598873
114,1071.0-1146.0,48.900427434054045,77.10385277219038
116,6749.0-2973.0,142.86019526274535,345.57442369127153
116,5333.0-217.0,108.29597700554908,337.0634966540628
116,5614.0-1648.0,138.41112170776108,308.01692816246657
116,5030.0-559.0,93.89283452801718,302.70251218191487
116,6072.0-2830.0,139.1002926121971,267.6681707230575
116,68.0-3087.0,104.53532305266064,261.7489531251114
116,9121.0-3953.0,138.28061578243504,226.61819803844924
116,9921.0-4794.0,118.99998891793612,216.3029808975026
116,7920.0-1426.0,134.0114620286389,185.59467027520125
116,6249.0-2390.0,100.70838816753185,184.4680013230408
116,1957.0-1912.0,81.38127020136139,172.69284262596238
116,539.0-2258.0,68.1760551045511,157.6100645241907
116,9820.0-620.0,68.80908988182158,138.20177683313793
116,1194.0-3693.0,62.035531383171566,121.11194226880308
116,5873.0-2358.0,58.33355554401949,102.96672970119728
116,1071.0-1146.0,52.050534051488896,85.72567080686608
116,9000.0-2084.0,45.770901302648156,68.47873768102055
118,6749.0-2973.0,145.28935268208446,354.4264354488516
118,5333.0-217.0,110.53415435571289,345.9657143594146
118,5614.0-1648.0,141.8330262908974,316.53452682336723
118,5030.0-559.0,95.90963216079024,311.65747981070655
118,6072.0-2830.0,143.07619599310576,275.9416893354705
118,68.0-3087.0,107.34267980556686,270.4883847992066
118,9121.0-3953.0,142.94971523006745,234.52126252460803
118,9921.0-4794.0,123.1319390173806,224.49968183751295
118,7920.0-1426.0,139.4970570494513,192.95450486518382
118,6249.0-2390.0,104.68763029062302,192.73991464766422
118,1957.0-1912.0,84.46573975781219,181.3383597001225
118,539.0-2258.0,70.59691687643414,166.464348583656
118,9820.0-620.0,71.80899039533794,146.8770010281239
118,1194.0-3693.0,64.88726516555164,129.83699426628127
118,5873.0-2358.0,61.53290574225385,111.57039614250726
118,1071.0-1146.0,55.20064066892375,94.34748884154178
118,9000.0-2084.0,48.6781787597753,77.1854394510105
120,6749.0-2973.0,147.70795085887463,363.2813380899591
120,5333.0-217.0,112.7723317058767,354.8679320647664
120,5614.0-1648.0,144.3721534340579,325.35562376621573
120,5030.0-559.0,97.92642979356332,320.6124474394982
120,6072.0-2830.0,147.0520993740144,284.2152079478836
120,68.0-3087.0,110.15003655847309,279.22781647330174
120,9121.0-3953.0,147.61881467769987,242.42432701076683
120,9921.0-4794.0,127.26388911682508,232.6963827775233
120,7920.0-1426.0,144.98265207026373,200.3143394551664
120,6249.0-2390.0,108.66687241371419,201.01182797228765
120,1957.0-1912.0,87.55020931426299,189.98387677428263
120,539.0-2258.0,73.01777864831718,175.3186326431213
120,9820.0-620.0,74.80889090885431,155.5522252231099
120,1194.0-3693.0,67.73899894793172,138.56204626375944
120,5873.0-2358.0,64.73225594048822,120.17406258381725
120,1071.0-1146.0,58.3507472863586,102.96930687621747
120,9000.0-2084.0,51.58545621690244,85.89214122100044
120,5359.0-31.0,45.61185201189668,68.52040392782035
122,6749.0-2973.0,150.11288763424793,372.1399608401795
122,5333.0-217.0,115.0105090560405,363.7701497701182
122,5614.0-1648.0,146.92494795228174,334.17277512433543
122,5030.0-559.0,99.94322742633639,329.5674150682899
122,6072.0-2830.0,151.02800275492305,292.48872656029664
122,68.0-3087.0,113.74687465726494,287.6730324927618
122,9121.0-3953.0,152.2879141253323,250.32739149692563
122,9921.0-4794.0,131.39583921626956,240.89308371753364
122,7920.0-1426.0,150.46824709107614,207.67417404514896
122,6249.0-2390.0,112.64611453680536,209.28374129691107
122,1957.0-1912.0,90.63467887071378,198.62939384844276
122,539.0-2258.0,75.43864042020022,184.1729167025866
122,9820.0-620.0,77.80879142237066,164.2274494180959
122,1194.0-3693.0,70.5907327303118,147.28709826123762
122,5873.0-2358.0,67.93160613872257,128.77772902512723
122,1071.0-1146.0,61.50085390379345,111.59112491089317
122,9000.0-2084.0,54.49273367402959,94.59884299099039
122,5359.0-31.0,48.09667053193568,77.35695273641848
124,6749.0-2973.0,152.49890842709823,381.00369722504297
124,5333.0-217.0,117.24868640620431,372.67236747547
124,5614.0-1648.0,149.4945635723829,342.98503893616027
124,5030.0-559.0,101.96002505910946,338.5223826970816
124,6072.0-2830.0,155.0039061358317,300.7622451727097
124,9121.0-3953.0,156.9570135729647,258.2304559830844
124,9921.0-4794.0,135.52778931571405,249.089784657544
124,7920.0-1426.0,155.95384211188858,215.03400863513153
124,6249.0-2390.0,116.62535665989653,217.5556546215345
124,1957.0-1912.0,93.71914842716458,207.27491092260288
124,539.0-2258.0,77.85950219208326,193.0272007620519
124,9820.0-620.0,80.80869193588703,172.90267361308187
124,1194.0-3693.0,73.44246651269188,156.0121502587158
124,5873.0-2358.0,71.13095633695693,137.3813954664372
124,1071.0-1146.0,64.6509605212283,120.21294294556886
124,9000.0-2084.0,57.40001113115673,103.30554476098034
124,5359.0-31.0,50.58148905197468,86.1935015450166
124,3006.0-2184.0,49.14022069761042,66.75102029679233
126,6749.0-2973.0,154.85548113327437,389.8753082965886
126,5333.0-217.0,119.48686375636812,381.5745851808218
126,5614.0-1648.0,152.08576890994647,351.7909785693197
126,5030.0-559.0,107.97532626891883,345.4560014693773
126,6072.0-2830.0,158.97980951674035,309.03576378512275
126,9121.0-3953.0,161.62611302059713,266.13352046924325
126,9921.0-4794.0,139.65973941515853,257.28648559755436
126,7920.0-1426.0,161.43943713270102,222.3938432251141
126,6249.0-2390.0,120.6045987829877,225.82756794615793
126,1957.0-1912.0,96.80361798361538,215.920427996763
126,539.0-2258.0,80.2803639639663,201.8814848215172
126,9820.0-620.0,83.80859244940339,181.57789780806786
126,1194.0-3693.0,76.29420029507196,164.73720225619397
126,5873.0-2358.0,74.33030653519128,145.9850619077472
126,1071.0-1146.0,67.80106713866316,128.83476098024454
126,9000.0-2084.0,60.307288588283875,112.01224653097029
126,5359.0-31.0,53.06630757201368,95.03005035361473
126,3006.0-2184.0,54.889998257026484,73.90636626617083
128,6749.0-2973.0,157.15292779908128,398.7624145040129
128,5333.0-217.0,121.72504110653193,390.47680288617363
128,5614.0-1648.0,154.70649808098352,360.58817679013646
128,6072.0-2830.0,162.955712897649,317.3092823975358
128,9121.0-3953.0,166.29521246822952,274.0365849554021
128,9921.0-4794.0,143.791689514603,265.48318653756473
128,7920.0-1426.0,166.92503215351346,229.75367781509667
128,6249.0-2390.0,124.58384090607886,234.09948127078135
128,1957.0-1912.0,99.88808754006618,224.56594507092314
128,539.0-2258.0,82.70122573584933,210.7357688809825
128,9820.0-620.0,86.80849296291976,190.25312200305385
128,1194.0-3693.0,79.14593407745204,173.46225425367214
128,5873.0-2358.0,77.52965673342564,154.5887283490572
128,1071.0-1146.0,70.95117375609802,137.45657901492024
128,9000.0-2084.0,63.21456604541102,120.71894830096024
128,5359.0-31.0,55.55112609205268,103.86659916221285
128,3006.0-2184.0,60.63977581644255,81.06171223554934
128,6121.0-4591.0,46.010902178505454,68.37897797050306
130,5333.0-217.0,123.96321845669574,399.37902059152543
130,5614.0-1648.0,157.3721707095246,369.37186094666856
130,6072.0-2830.0,166.93161627855764,325.58280100994887
130,9121.0-3953.0,170.96431191586194,281.9396494415609
130,9921.0-4794.0,147.9236396140475,273.6798874775751
130,7920.0-1426.0,172.4106271743259,237.11351240507923
130,6249.0-2390.0,128.56308302917003,242.37139459540478
130,1957.0-1912.0,102.97255709651698,233.21146214508326
130,539.0-2258.0,85.12208750773237,219.5900529404478
130,9820.0-620.0,89.80839347643612,198.92834619803983
130,1194.0-3693.0,81.99766785983212,182.18730625115032
130,5873.0-2358.0,80.72900693166001,163.1923947903672
130,1071.0-1146.0,74.10128037353287,146.07839704959594
130,9000.0-2084.0,66.12184350253817,129.42565007095018
130,5359.0-31.0,58.035944612091676,112.70314797081099
130,3006.0-2184.0,66.38955337585861,88.21705820492784
130,6121.0-4591.0,48.36795157247988,77.25046240540067
132,5333.0-217.0,126.20139580685955,408.28123829687723
132,5614.0-1648.0,160.1233447275678,378.1291413148371
132,6072.0-2830.0,170.9075196594663,333.8563196223619
132,9121.0-3953.0,175.63341136349436,289.8427139277197
132,9921.0-4794.0,152.05558971349197,281.8765884175855
132,7920.0-1426.0,177.8962221951383,244.4733469950618
132,6249.0-2390.0,132.54232515226118,250.6433079200282
132,1957.0-1912.0,106.05702665296778,241.85697921924339
132,539.0-2258.0,87.54294927961541,228.4443369999131
132,9820.0-620.0,92.80829398995247,207.60357039302582
132,1194.0-3693.0,84.8494016422122,190.9123582486285
132,5873.0-2358.0,83.92835712989438,171.79606123167719
132,1071.0-1146.0,77.25138699096772,154.70021508427163
132,9000.0-2084.0,69.02912095966532,138.13235184094015
132,5359.0-31.0,60.520763132130675,121.53969677940913
132,3006.0-2184.0,72.13933093527467,95.37240417430634
132,6121.0-4591.0,50.72500096645432,86.12194684029828
132,6257.0-3530.0,47.69452436556126,67.78538770168387
134,5333.0-217.0,133.60969816444955,402.86127758642994
134,6072.0-2830.0,170.55388296528994,343.02877071314447
134,9121.0-3953.0,180.30251081112678,297.74577841387855
134,9921.0-4794.0,156.18753981293645,290.07328935759585
134,7920.0-1426.0,183.38181721595075,251.83318158504437
134,6249.0-2390.0,136.52156727535234,258.91522124465166
134,1957.0-1912.0,109.14149620941859,250.5024962934035
134,539.0-2258.0,89.96381105149845,237.2986210593784
134,9820.0-620.0,95.80819450346884,216.2787945880118
134,1194.0-3693.0,87.70113542459228,199.63741024610667
134,5873.0-2358.0,87.12770732812875,180.39972767298718
134,1071.0-1146.0,80.40149360840257,163.32203311894733
134,9000.0-2084.0,71.93639841679247,146.8390536109301
134,5359.0-31.0,63.005581652169674,130.37624558800727
134,3006.0-2184.0,77.88910849469075,102.52775014368484
134,6121.0-4591.0,53.08205036042875,94.99343127519589
134,6257.0-3530.0,51.47178630025483,76.15146265957068
136,6072.0-2830.0,170.0905597589629,352.1963357950375
136,9121.0-3953.0,184.9716102587592,305.6488429000374
136,9921.0-4794.0,160.31948991238093,298.2699902976062
136,7920.0-1426.0,188.8674122367632,259.1930161750269
136,6249.0-2390.0,140.5008093984435,267.1871345692751
136,1957.0-1912.0,112.2259657658694,259.14801336756364
136,539.0-2258.0,92.38467282338149,246.1529051188437
136,9820.0-620.0,98.80809501698519,224.9540187829978
136,1194.0-3693.0,90.55286920697236,208.36246224358484
136,5873.0-2358.0,90.32705752636312,189.00339411429718
136,1071.0-1146.0,83.55160022583743,171.94385115362303
136,9000.0-2084.0,74.84367587391962,155.54575538092007
136,5359.0-31.0,65.49040017220867,139.2127943966054
136,3006.0-2184.0,83.6388860541068,109.68309611306334
136,6121.0-4591.0,55.43909975440319,103.8649157100935
136,6257.0-3530.0,55.2490482349484,84.51753761745749
136,1498.0-3730.0,47.78449217446055,67.77337091039765
138,6072.0-2830.0,169.4928678113297,361.3561219421045
138,9121.0-3953.0,189.64070970639162,313.5519073861962
138,9921.0-4794.0,164.4514400118254,306.4666912376166
138,7920.0-1426.0,194.3530072575756,266.55285076500945
138,6249.0-2390.0,144.48005152153465,275.4590478938985
138,1957.0-1912.0,115.31043532232022,267.79353044172376
138,539.0-2258.0,94.80553459526453,255.007189178309
138,9820.0-620.0,101.80799553050156,233.62924297798378
138,1194.0-3693.0,93.40460298935244,217.08751424106302
138,5873.0-2358.0,93.52640772459749,197.60706055560715
138,1071.0-1146.0,86.70170684327229,180.56566918829873
138,9000.0-2084.0,77.75095333104677,164.25245715091003
138,5359.0-31.0,67.97521869224767,148.04934320520354
138,3006.0-2184.0,89.38866361352288,116.83844208244184
138,6121.0-4591.0,57.79614914837762,112.73640014499111
138,6257.0-3530.0,59.02631016964197,92.8836125753443
138,1498.0-3730.0,51.38831227171676,76.21560986880661
140,6072.0-2830.0,168.72392625961564,370.5031240091379
140,9121.0-3953.0,194.30980915402404,321.45497187235503
140,9921.0-4794.0,163.7487992623749,315.61902503296506
140,7920.0-1426.0,199.838602278388,273.912685354992
140,6249.0-2390.0,148.45929364462583,283.73096121852194
140,1957.0-1912.0,118.39490487877103,276.4390475158839
140,539.0-2258.0,97.22639636714757,263.8614732377743
140,9820.0-620.0,104.80789604401792,242.30446717296977
140,1194.0-3693.0,96.25633677173252,225.8125662385412
140,5873.0-2358.0,96.72575792283185,206.21072699691712
140,1071.0-1146.0,89.85181346070715,189.18748722297443
140,9000.0-2084.0,80.65823078817392,172.9591589209
140,5359.0-31.0,70.46003721228666,156.88589201380168
140,3006.0-2184.0,95.13844117293894,123.99378805182035
140,6121.0-4591.0,60.15319854235206,121.60788457988872
140,6257.0-3530.0,62.80357210433554,101.24968753323111
140,1498.0-3730.0,54.99213236897295,84.65784882721557
140,8310.0-3169.0,48.66364408328747,67.3948964137058
142,6072.0-2830.0,167.72349311514873,379.62770901053483
142,9121.0-3953.0,190.36641004346768,329.744032215912
142,7920.0-1426.0,205.32419729920042,281.27251994497453
142,6249.0-2390.0,152.43853576771698,292.00287454314537
142,1957.0-1912.0,121.47937443522184,285.084564590044
142,539.0-2258.0,99.64725813903061,272.7157572972396
142,9820.0-620.0,107.80779655753429,250.97969136795575
142,1194.0-3693.0,99.1080705541126,234.53761823601937
142,5873.0-2358.0,99.9251081210662,214.8143934382271
142,1071.0-1146.0,93.00192007814199,197.80930525765012
142,9000.0-2084.0,83.56550824530107,181.66586069088996
142,5359.0-31.0,72.94485573232566,165.72244082239982
142,3006.0-2184.0,100.888218732355,131.14913402119885
142,6121.0-4591.0,62.51024793632649,130.47936901478633
142,6257.0-3530.0,66.58083403902911,109.61576249111792
142,1498.0-3730.0,58.59595246622915,93.10008778562454
142,8310.0-3169.0,52.88320644303392,75.54684166723129
144,6072.0-2830.0,166.3782141391887,388.7078600225558
144,7920.0-1426.0,210.80979232001283,288.6323545349571
144,6249.0-2390.0,156.41777789080814,300.2747878677688
144,1957.0-1912.0,124.56384399167266,293.73008166420414
144,539.0-2258.0,102.06811991091364,281.57004135670485
144,9820.0-620.0,110.80769707105064,259.6549155629417
144,1194.0-3693.0,101.95980433649268,243.26267023349754
144,5873.0-2358.0,103.12445831930057,223.41805987953708
144,1071.0-1146.0,96.15202669557685,206.43112329232582
144,9000.0-2084.0,86.47278570242823,190.37256246087992
144,5359.0-31.0,75.42967425236466,174.55898963099796
144,3006.0-2184.0,106.63799629177106,138.30447999057736
144,6121.0-4591.0,64.86729733030093,139.35085344968394
144,6257.0-3530.0,70.35809597372268,117.98183744900473
144,1498.0-3730.0,62.199772563485354,101.5423267440335
144,8310.0-3169.0,57.10276880278037,83.69878692075679
144,4383.0-763.0,48.54097752750197,67.49523209441375
146,6072.0-2830.0,164.4105354948871,397.6737486386956
146,7920.0-1426.0,216.29538734082524,295.9921891249396
146,6249.0-2390.0,160.39702001389932,308.5467011923922
146,1957.0-1912.0,127.64831354812347,302.37559873836426
146,539.0-2258.0,104.48898168279666,290.4243254161701
146,9820.0-620.0,113.11922921639771,268.5383685551792
146,1194.0-3693.0,104.81153811887276,251.98772223097572
146,5873.0-2358.0,106.32380851753493,232.02172632084705
146,1071.0-1146.0,99.3021333130117,215.05294132700152
146,9000.0-2084.0,89.38006315955538,199.07926423086988
146,5359.0-31.0,77.91449277240366,183.3955384395961
146,3006.0-2184.0,112.38777385118712,145.45982595995588
146,6121.0-4591.0,67.22434672427536,148.22233788458155
146,6257.0-3530.0,74.13535790841625,126.34791240689154
146,1498.0-3730.0,65.80359266074156,109.98456570244247
146,8310.0-3169.0,61.322331162526815,91.85073217428229
146,4383.0-763.0,52.37446368512625,75.83569382045559
148,7920.0-1426.0,221.78098236163765,303.35202371492215
148,6249.0-2390.0,164.37626213699048,316.81861451701565
148,1957.0-1912.0,130.73278310457428,311.0211158125244
148,539.0-2258.0,106.90984345467969,299.2786094756354
148,9820.0-620.0,115.4528207657428,277.416052284908
148,1194.0-3693.0,107.66327190125284,260.7127742284539
148,5873.0-2358.0,109.52315871576928,240.62539276215702
148,1071.0-1146.0,102.45223993044655,223.67475936167722
148,9000.0-2084.0,92.28734061668253,207.78596600085984
148,5359.0-31.0,80.39931129244266,192.23208724819423
148,3006.0-2184.0,118.1375514106032,152.6151719293344
148,6121.0-4591.0,69.5813961182498,157.09382231947916
148,6257.0-3530.0,77.91261984310982,134.71398736477835
148,1498.0-3730.0,69.40741275799776,118.42680466085143
148,8310.0-3169.0,65.54189352227327,100.00267742780778
148,4383.0-763.0,56.20794984275053,84.17615554649743
148,5684.0-2641.0,48.66385812421421,67.47021889506273
150,7920.0-1426.0,227.26657738245007,310.7118583049047
150,6249.0-2390.0,168.35550426008166,325.0905278416391
150,1957.0-1912.0,133.8172526610251,319.6666328866845
150,539.0-2258.0,110.732849078074,307.6238803476779
150,9820.0-620.0,117.81421824069878,286.28638034476785
150,1194.0-3693.0,110.51500568363291,269.4378262259321
150,5873.0-2358.0,112.41556057959494,249.3370475637664
150,1071.0-1146.0,105.60234654788141,232.29657739635292
150,9000.0-2084.0,95.19461807380966,216.4926677708498
150,5359.0-31.0,82.88412981248166,201.06863605679237
150,3006.0-2184.0,123.88732897001927,159.7705178987129
150,6121.0-4591.0,71.93844551222423,165.96530675437677
150,6257.0-3530.0,81.6898817778034,143.08006232266516
150,1498.0-3730.0,73.01123285525397,126.8690436192604
150,8310.0-3169.0,69.76145588201972,108.15462268133328
150,4383.0-763.0,60.04143600037481,92.51661727253926
150,5684.0-2641.0,52.35681523221405,75.87384821356193
152,7920.0-1426.0,232.75217240326248,318.07169289488724
152,6249.0-2390.0,172.3347463831728,333.3624411662625
152,1957.0-1912.0,137.08667614214093,328.2439161410369
152,9820.0-620.0,120.21259210943906,295.1467821815927
152,1194.0-3693.0,113.36673946601299,278.1628782234103
152,5873.0-2358.0,115.36340881069142,258.03009701322236
152,1071.0-1146.0,108.63887182418952,240.9590500324198
152,9000.0-2084.0,98.10189553093682,225.19936954083977
152,5359.0-31.0,85.36894833252066,209.9051848653905
152,3006.0-2184.0,129.63710652943533,166.92586386809143
152,6121.0-4591.0,74.29549490619867,174.83679118927438
152,6257.0-3530.0,85.46714371249696,151.44613728055197
152,1498.0-3730.0,76.61505295251017,135.31128257766937
152,8310.0-3169.0,73.98101824176617,116.30656793485878
152,4383.0-763.0,63.87492215799909,100.8570789985811
152,5684.0-2641.0,56.0497723402139,84.27747753206113
152,9514.0-2402.0,47.53657531703855,67.86426807831609
154,7920.0-1426.0,238.2377674240749,325.4315274848698
154,6249.0-2390.0,176.31398850626397,341.6343544908859
154,1957.0-1912.0,140.3903554750994,336.808063546894
154,9820.0-620.0,122.66455811371728,303.9925032171064
154,1194.0-3693.0,116.21847324839307,286.8879302208885
154,5873.0-2358.0,118.3792073894177,266.69980732307806
154,9000.0-2084.0,101.00917298806397,233.90607131082973
154,5359.0-31.0,87.85376685255966,218.74173367398865
154,3006.0-2184.0,135.3868840888514,174.08120983746994
154,6121.0-4591.0,76.6525443001731,183.708275624172
154,6257.0-3530.0,89.24440564719053,159.81221223843878
154,1498.0-3730.0,80.21887304976637,143.75352153607835
154,8310.0-3169.0,78.20058060151261,124.45851318838427
154,4383.0-763.0,67.70840831562336,109.19754072462294
154,5684.0-2641.0,59.742729448213744,92.68110685056033
154,9514.0-2402.0,49.83883997152606,76.75012737187703
156,7920.0-1426.0,243.7233624448873,332.7913620748523
156,6249.0-2390.0,180.29323062935515,349.90626781550935
156,1957.0-1912.0,143.73624736001432,345.35580742576207
156,9820.0-620.0,125.20789687137605,312.8123867700824
156,1194.0-3693.0,118.81354462272719,295.6927313251939
156,5873.0-2358.0,121.48170614387251,275.3388708951831
156,9000.0-2084.0,103.91645044519112,242.6127730808197
156,5359.0-31.0,90.33858537259866,227.5782824825868
156,3006.0-2184.0,141.13666164826745,181.23655580684846
156,6121.0-4591.0,79.00959369414754,192.5797600590696
156,6257.0-3530.0,93.0216675818841,168.17828719632558
156,1498.0-3730.0,83.82269314702258,152.19576049448733
156,8310.0-3169.0,82.42014296125906,132.61045844190977
156,4383.0-763.0,71.54189447324764,117.53800245066479
156,5684.0-2641.0,63.43568655621359,101.08473616905952
156,9514.0-2402.0,52.14110462601358,85.63598666543797
156,5026.0-2684.0,47.364943677043826,67.87757436535712
158,7920.0-1426.0,249.2089574656997,340.15119666483486
158,6249.0-2390.0,176.91630079325063,358.4417972546416
158,1957.0-1912.0,147.136426138725,353.88210217770865
158,9820.0-620.0,127.9920328344186,321.55924362632277
158,1194.0-3693.0,121.39361350740214,304.5019402836985
158,5873.0-2358.0,124.70172116010968,283.93482466538643
158,9000.0-2084.0,104.51926954567169,251.77222323114867
158,5359.0-31.0,92.82340389263766,236.41483129118492
158,3006.0-2184.0,146.8864392076835,188.39190177622697
158,6121.0-4591.0,81.36664308812198,201.4512444939672
158,6257.0-3530.0,96.79892951657767,176.5443621542124
158,1498.0-3730.0,87.42651324427878,160.6379994528963
158,8310.0-3169.0,86.63970532100551,140.76240369543527
158,4383.0-763.0,75.37538063087192,125.87846417670664
158,5684.0-2641.0,67.12864366421343,109.48836548755872
158,9514.0-2402.0,54.443369280501095,94.52184595899891
158,5026.0-2684.0,49.23216704519995,76.86492073776748
160,7920.0-1426.0,240.76970058747423,343.7619945361633
160,1957.0-1912.0,150.6110985565428,362.37831130373195
160,1194.0-3693.0,123.95521481842782,313.3165370780855
160,5873.0-2358.0,128.09793770164538,292.46269844067564
160,9000.0-2084.0,105.043748520797,260.93649296358876
160,5359.0-31.0,95.30822241267666,245.25138009978306
160,3006.0-2184.0,152.63621676709957,195.5472477456055
160,6121.0-4591.0,83.72369248209641,210.32272892886482
160,6257.0-3530.0,100.57619145127124,184.9104371120992
160,1498.0-3730.0,91.03033334153498,169.0802384113053
160,8310.0-3169.0,90.85926768075196,148.91434894896076
160,4383.0-763.0,79.2088667884962,134.21892590274848
160,5684.0-2641.0,70.82160077221327,117.89199480605792
160,9514.0-2402.0,56.74563393498861,103.40770525255985
160,5026.0-2684.0,51.099390413356076,85.85226711017783
162,1957.0-1912.0,154.19995706816832,370.8269213969839
162,1194.0-3693.0,126.49311179847432,322.1379880269338
162,5873.0-2358.0,131.81828861849613,300.8542362603934
162,9000.0-2084.0,105.47206821293268,270.1057601189068
162,5359.0-31.0,97.79304093271566,254.0879289083812
162,3006.0-2184.0,158.38599432651563,202.702593714984
162,6121.0-4591.0,86.08074187607085,219.19421336376243
162,6257.0-3530.0,104.35345338596481,193.276512069986
162,1498.0-3730.0,94.63415343879119,177.52247736971427
162,8310.0-3169.0,95.0788300404984,157.06629420248626
162,4383.0-763.0,83.04235294612047,142.55938762879032
162,5684.0-2641.0,74.51455788021312,126.29562412455712
162,9514.0-2402.0,59.04789858947613,112.29356454612079
162,5026.0-2684.0,52.9666137815122,94.83961348258819
164,1957.0-1912.0,158.01005941164777,379.1780912585349
164,1194.0-3693.0,128.99860089346078,330.9686982089729
164,9000.0-2084.0,105.77749048104008,279.2799431976561
164,5359.0-31.0,100.27785945275465,262.9244777169793
164,3006.0-2184.0,164.13577188593172,209.85793968436252
164,6121.0-4591.0,88.43779127004528,228.06569779866004
164,6257.0-3530.0,108.13071532065838,201.64258702787282
164,1498.0-3730.0,98.23797353604739,185.96471632812325
164,8310.0-3169.0,99.29839240024485,165.21823945601176
164,4383.0-763.0,86.87583910374475,150.89984935483216
164,5684.0-2641.0,78.20751498821296,134.6992534430563
164,9514.0-2402.0,61.35016324396364,121.17942383968173
164,5026.0-2684.0,54.83383714966833,103.82695985499855
166,1194.0-3693.0,131.4548085510037,339.81324239549224
166,9000.0-2084.0,105.91606670671082,288.4581627719496
166,5359.0-31.0,102.76267797279365,271.76102652557745
166,3006.0-2184.0,169.8855494453478,217.01328565374104
166,6121.0-4591.0,90.79484066401972,236.93718223355765
166,6257.0-3530.0,111.90797725535195,210.00866198575963
166,1498.0-3730.0,101.8417936333036,194.40695528653222
166,8310.0-3169.0,103.5179547599913,173.37018470953726
166,4383.0-763.0,90.70932526136903,159.240311080874
166,5684.0-2641.0,81.90047209621281,143.1028827615555
166,9514.0-2402.0,63.65242789845116,130.06528313324267
166,5026.0-2684.0,56.70106051782445,112.8143062274089
168,1194.0-3693.0,133.8176515857861,348.6831855022571
168,9000.0-2084.0,105.80423423624795,297.63674716295543
168,5359.0-31.0,105.24749649283265,280.5975753341756
168,3006.0-2184.0,175.63532700476387,224.16863162311955
168,6121.0-4591.0,93.15189005799415,245.80866666845526
168,6257.0-3530.0,115.68523919004552,218.37473694364644
168,1498.0-3730.0,105.4456137305598,202.8491942449412
168,8310.0-3169.0,107.73751711973775,181.52212996306275
168,4383.0-763.0,94.54281141899331,167.58077280691583
168,5684.0-2641.0,85.59342920421265,151.50651208005468
168,9514.0-2402.0,65.95469255293867,138.9511424268036
168,5026.0-2684.0,58.56828388598058,121.80165259981926
170,9000.0-2084.0,105.23288559499498,306.7982142209328
170,5359.0-31.0,107.73231501287165,289.4341241427737
170,3006.0-2184.0,181.38510456417995,231.32397759249804
170,6121.0-4591.0,95.50893945196859,254.68015110335287
170,6257.0-3530.0,119.46250112473909,226.74081190153325
170,1498.0-3730.0,109.049433827816,211.29143320335018
170,8310.0-3169.0,111.9570794794842,189.67407521658825
170,4383.0-763.0,98.37629757661759,175.92123453295767
170,5684.0-2641.0,89.2863863122125,159.91014139855386
170,9514.0-2402.0,68.25695720742618,147.83700172036455
170,5026.0-2684.0,60.4355072541367,130.78899897222962
172,5359.0-31.0,110.21713353291065,298.27067295137186
172,3006.0-2184.0,187.13488212359601,238.47932356187656
172,6121.0-4591.0,97.86598884594301,263.5516355382505
172,6257.0-3530.0,123.23976305943266,235.10688685942006
172,1498.0-3730.0,112.6532539250722,219.73367216175916
172,8310.0-3169.0,116.17664183923064,197.82602047011375
172,4383.0-763.0,102.20978373424185,184.2616962589995
172,5684.0-2641.0,92.97934342021234,168.31377071705305
172,9514.0-2402.0,70.5592218619137,156.7228610139255
172,5026.0-2684.0,62.30273062229283,139.77634534463996
174,5359.0-31.0,112.70195205294965,307.10722175997
174,3006.0-2184.0,192.8846596830121,245.63466953125504
174,6121.0-4591.0,100.22303823991744,272.4231199731481
174,6257.0-3530.0,127.01702499412623,243.47296181730687
174,1498.0-3730.0,116.25707402232841,228.17591112016814
174,8310.0-3169.0,120.39620419897709,205.97796572363924
174,4383.0-763.0,106.04326989186613,192.60215798504134
174,5684.0-2641.0,96.67230052821219,176.71740003555223
174,9514.0-2402.0,72.86148651640121,165.60872030748644
174,5026.0-2684.0,64.16995399044895,148.7636917170503
176,5359.0-31.0,115.18677057298865,315.94377056856814
176,3006.0-2184.0,188.18821820168282,253.52151651447434
176,6121.0-4591.0,102.58008763389188,281.29460440804576
176,6257.0-3530.0,128.69033338769398,252.49842340906392
176,1498.0-3730.0,119.86089411958461,236.61815007857712
176,8310.0-3169.0,124.61576655872354,214.12991097716474
176,4383.0-763.0,109.8767560494904,200.94261971108318
176,5684.0-2641.0,100.36525763621204,185.12102935405142
176,9514.0-2402.0,75.16375117088873,174.49457960104738
176,5026.0-2684.0,66.03717735860506,157.75103808946065
178,5359.0-31.0,117.67158909302765,324.7803193771663
178,6121.0-4591.0,104.9371370278663,290.1660888429434
178,6257.0-3530.0,130.33518849237348,261.5291138372026
178,1498.0-3730.0,123.46471421684082,245.0603890369861
178,8310.0-3169.0,128.83532891847,222.28185623069024
178,4383.0-763.0,113.71024220711467,209.28308143712502
178,5684.0-2641.0,104.05821474421188,193.5246586725506
178,9514.0-2402.0,77.46601582537625,183.38043889460832
178,5026.0-2684.0,67.90440072676118,166.738384461871
180,5359.0-31.0,120.4310053195932,333.53500612272336
180,6121.0-4591.0,107.29418642184073,299.03757327784103
180,6257.0-3530.0,131.9448052266533,270.5661516202924
180,1498.0-3730.0,127.06853431409702,253.50262799539507
180,8310.0-3169.0,133.05489127821645,230.43380148421573
180,4383.0-763.0,117.54372836473894,217.62354316316686
180,5684.0-2641.0,107.75117185221173,201.92828799104979
180,9514.0-2402.0,79.76828047986376,192.26629818816926
180,5026.0-2684.0,69.7716240949173,175.72573083428134
182,5359.0-31.0,123.20983645851459,342.28354974012774
182,6121.0-4591.0,109.65123581581517,307.9090577127387
182,6257.0-3530.0,133.5087915477567,279.6111980387287
182,1498.0-3730.0,130.6723544113532,261.944866953804
182,8310.0-3169.0,137.2744536379629,238.58574673774123
182,4383.0-763.0,121.3772145223632,225.9640048892087
182,5684.0-2641.0,111.44412896021157,210.33191730954897
182,9514.0-2402.0,82.07054513435128,201.1521574817302
182,5026.0-2684.0,71.63884746307342,184.71307720669168
184,5359.0-31.0,126.01281991239938,351.02438503668344
184,6121.0-4591.0,112.0082852097896,316.7805421476363
184,6257.0-3530.0,135.00951859860228,288.66695511603183
184,1498.0-3730.0,134.27617450860942,270.387105912213
184,8310.0-3169.0,138.35001824184488,247.7017808923033
184,4383.0-763.0,123.75875259690348,234.82894675725166
184,5684.0-2641.0,115.13708606821142,218.73554662804816
184,9514.0-2402.0,84.3728097888388,210.03801677529114
184,5026.0-2684.0,73.50607083122954,193.70042357910202
186,5359.0-31.0,128.84729390049526,359.7550594169976
186,6121.0-4591.0,114.36533460376404,325.65202658253395
186,6257.0-3530.0,136.41156752088307,297.7385137882666
186,1498.0-3730.0,137.87999460586562,278.8293448706219
186,8310.0-3169.0,139.38349802298646,256.82268202466065
186,4383.0-763.0,126.14814029456079,243.6917761223331
186,5684.0-2641.0,118.83004317621126,227.13917594654734
186,9514.0-2402.0,86.67507444332631,218.92387606885208
186,5026.0-2684.0,75.37329419938565,202.68776995151237
188,5359.0-31.0,131.72593437826097,368.47127114710344
188,6121.0-4591.0,117.60071953293154,334.24220715597835
188,6257.0-3530.0,137.61465013031952,306.83859676366507
188,1498.0-3730.0,141.48381470312182,287.2715838290309
188,8310.0-3169.0,140.36607261218595,265.9492073821516
188,4383.0-763.0,128.5472260933545,252.55198521999506
188,5684.0-2641.0,122.52300028421111,235.54280526504652
188,9514.0-2402.0,88.97733909781383,227.80973536241302
188,5026.0-2684.0,77.24051756754177,211.6751163239227
190,5359.0-31.0,134.6750765788549,377.1638816988849
190,6121.0-4591.0,120.88085421206993,342.8153999341083
190,1498.0-3730.0,145.08763480037803,295.7138227874398
190,8310.0-3169.0,141.2849175428211,275.08236904270007
190,4383.0-763.0,130.9588284649718,261.4087957026392
190,5684.0-2641.0,126.21595739221095,243.9464345835457
190,9514.0-2402.0,91.27960375230134,236.69559465597396
190,5026.0-2684.0,79.10774093569789,220.66246269633305
192,5359.0-31.0,137.77578435888122,385.80358824408364
192,6121.0-4591.0,124.21904879259277,351.3661528171493
192,1498.0-3730.0,148.6914548976342,304.1560617458488
192,8310.0-3169.0,142.11991314541677,284.2235779489614
192,4383.0-763.0,133.38769709464088,270.26088670443505
192,5684.0-2641.0,129.90891450021078,252.3500639020449
192,9514.0-2402.0,93.58186840678886,245.5814539495349
192,5026.0-2684.0,80.97496430385401,229.6498090687434
194,1498.0-3730.0,152.2952749948904,312.5983007042577
194,8310.0-3169.0,142.8356172270683,293.3748994705654
194,4383.0-763.0,135.84326954715797,279.1056072684046
194,5684.0-2641.0,133.60187160821062,260.7536932205441
194,9514.0-2402.0,95.88413306127637,254.46731324309584
194,5026.0-2684.0,82.84218767201014,238.63715544115374
196,1498.0-3730.0,151.3418872228332,321.72792116079137
196,8310.0-3169.0,143.35577082562773,302.5394157239293
196,4383.0-763.0,138.351630572502,287.9355021087071
196,5684.0-2641.0,137.29482871621045,269.1573225390433
196,9514.0-2402.0,98.18639771576389,263.35317253665676
196,5026.0-2684.0,84.70941104016626,247.62450181356408
198,1498.0-3730.0,150.257766615265,330.8429417549816
198,8310.0-3169.0,143.42421649249889,311.7184261888407
198,5684.0-2641.0,140.9877858242103,277.56095185754253
198,9514.0-2402.0,100.4886623702514,272.2390318302177
198,5026.0-2684.0,86.57663440832238,256.61184818597445
200,1498.0-3730.0,149.0062550607424,339.9364909385052
200,5684.0-2641.0,144.68074293221014,285.96458117604175
200,9514.0-2402.0,102.7909270247389,281.12489112377864
200,5026.0-2684.0,88.44385777647851,265.5991945583848
202,1498.0-3730.0,147.52677175804268,348.9957429540581
202,5684.0-2641.0,148.37370004021,294.36821049454096
202,9514.0-2402.0,105.09319167922642,290.0107504173396
202,5026.0-2684.0,90.31108114463463,274.58654093079514
204,1498.0-3730.0,145.70300107088153,357.99200764585754
204,5684.0-2641.0,152.06665714820986,302.7718398130402
204,9514.0-2402.0,107.39545633371392,298.8966097109005
204,5026.0-2684.0,92.17830451279075,283.5738873032055
206,1498.0-3730.0,143.2374879758057,366.83396235634297
206,5684.0-2641.0,155.75961425620972,311.1754691315394
206,9514.0-2402.0,109.69772098820144,307.78246900446146
206,5026.0-2684.0,94.04552788094688,292.5612336756158
208,5684.0-2641.0,159.45257136420955,319.5790984500386
208,9514.0-2402.0,111.99998564268894,316.6683282980224
208,5026.0-2684.0,95.912751249103,301.54858004802617
210,5684.0-2641.0,163.1455284722094,327.9827277685378
210,9514.0-2402.0,116.59203301604079,324.616411013065
210,5026.0-2684.0,97.77997461725911,310.5359264204365
212,5684.0-2641.0,166.83848558020927,336.386357087037
212,5026.0-2684.0,99.64719798541525,319.52327279284685
214,5684.0-2641.0,170.53144268820913,344.78998640553624
214,5026.0-2684.0,101.51442135357136,328.5106191652572
216,5684.0-2641.0,165.74347249027443,352.6216056064394
216,5026.0-2684.0,106.53265218131321,336.19672853760983
218,5026.0-2684.0,111.65866362348176,343.81138050726827
220,5026.0-2684.0,116.91680284917328,351.335401361008
222,5026.0-2684.0,122.3437533020571,358.7385849131165
224,5026.0-2684.0,128.00033411614402,365.967831859927
226,5026.0-2684.0,134.00441213095962,372.9111714826355
228,5026.0-2684.0,140.6658257006248,379.22658811007557
286,6221.0-2189.0,55.37958378198574,65.10805992226771
288,6221.0-2189.0,56.700633749142035,74.19176758536113
290,6221.0-2189.0,58.021683716298334,83.27547524845455
290,7854.0-3900.0,58.94208207792543,63.86795796765669
292,6221.0-2189.0,59.34273368345463,92.35918291154798
292,7854.0-3900.0,63.56222069468475,71.79974446794748
294,6221.0-2189.0,60.66378365061093,101.4428905746414
294,7854.0-3900.0,68.18235931144406,79.73153096823826
294,2726.0-1382.0,57.616321756937424,64.51240911942381
296,6221.0-2189.0,61.98483361776723,110.52659823773482
296,7854.0-3900.0,72.80249792820338,87.66331746852904
296,2726.0-1382.0,60.64729040637207,73.17682756329009
298,6221.0-2189.0,63.30588358492353,119.61030590082824
298,7854.0-3900.0,77.4226365449627,95.59510396881983
298,2726.0-1382.0,63.67825905580672,81.84124600715637
298,8019.0-4791.0,57.261046185064316,64.61643489397193
300,6221.0-2189.0,64.62693355207983,128.69401356392166
300,7854.0-3900.0,82.04277516172202,103.52689046911061
300,2726.0-1382.0,66.70922770524137,90.50566445102265
300,8019.0-4791.0,59.67332961628919,73.47305990419471
302,6221.0-2189.0,66.18316633488556,137.74039723088973
302,7854.0-3900.0,86.66291377848134,111.4586769694014
302,2726.0-1382.0,69.74019635467602,99.17008289488894
302,8019.0-4791.0,62.08561304751406,82.3296849144175
304,6221.0-2189.0,67.5965424063222,146.8101980007499
304,7854.0-3900.0,91.28305239524066,119.39046346969218
304,2726.0-1382.0,72.77116500411067,107.83450133875522
304,8019.0-4791.0,64.49789647873892,91.18630992464028
306,6221.0-2189.0,68.74629662441762,155.91717242490623
306,7854.0-3900.0,94.05836441250953,128.14012409917197
306,2726.0-1382.0,75.80213365354533,116.4989197826215
306,8019.0-4791.0,66.91017990996379,100.04293493486307
308,7854.0-3900.0,96.88161648660486,136.87443378284945
308,2726.0-1382.0,78.83310230297997,125.16333822648778
308,8019.0-4791.0,69.32246334118867,108.89955994508585
310,7854.0-3900.0,99.79120142263409,145.58036471666105
310,2726.0-1382.0,81.86407095241462,133.82775667035406
310,8019.0-4791.0,71.73474677241353,117.75618495530864
310,8759.0-1789.0,56.1143731697719,64.66221522147612
312,2726.0-1382.0,83.659868682484,142.8296469405664
312,8019.0-4791.0,74.14703020363841,126.61280996553143
312,8759.0-1789.0,56.58975464669435,73.82916293462824
314,2726.0-1382.0,85.34231191569278,151.85341016281996
314,8019.0-4791.0,75.44044143601721,135.70049423096572
314,8759.0-1789.0,57.0651361236168,82.99611064778037
316,2726.0-1382.0,86.74356088207853,160.92509243561085
316,8019.0-4791.0,76.53952539145827,144.8137226590892
316,8759.0-1789.0,57.54051760053925,92.16305836093248
318,8019.0-4791.0,77.17735537270846,153.970801387553
318,8759.0-1789.0,58.015899077461704,101.3300060740846
320,8759.0-1789.0,59.50603138701347,110.38751255348033
322,8759.0-1789.0,61.05258332835723,119.43555626563113
322,5010.0-3417.0,58.91411103585127,64.06725372756854
324,8759.0-1789.0,62.70066216488969,128.46565892688807
324,5010.0-3417.0,61.39900143984308,72.90378232223824
326,5010.0-3417.0,63.883891843834895,81.74031091690794
328,5010.0-3417.0,66.36878224782672,90.57683951157765
330,5010.0-3417.0,68.85367265181853,99.41336810624735
332,5010.0-3417.0,71.20172393624455,108.28723834926821
334,5010.0-3417.0,73.48694414784353,117.17749630439894
336,5010.0-3417.0,75.65474239483949,126.09711337491196
350,7127.0-1851.0,61.295962800295705,63.280705220222416
352,7127.0-1851.0,64.31883744437528,71.94795085020468
354,7127.0-1851.0,67.34171208845484,80.61519648018694
354,5612.0-2515.0,61.18539678443187,63.314035940830564
356,7127.0-1851.0,70.3645867325344,89.2824421101692
356,5612.0-2515.0,63.83429576631094,72.10279308322936
358,7127.0-1851.0,73.38746137661397,97.94968774015146
358,5612.0-2515.0,66.48319474819,80.89155022562815
360,7127.0-1851.0,76.41033602069353,106.61693337013372
360,5612.0-2515.0,69.13209373006907,89.68030736802694
362,7127.0-1851.0,79.4332106647731,115.28417900011598
362,5612.0-2515.0,71.78099271194814,98.46906451042574
364,7127.0-1851.0,82.45608530885266,123.95142463009824
364,5612.0-2515.0,74.42989169382722,107.25782165282453
366,7127.0-1851.0,85.47895995293223,132.6186702600805
366,5612.0-2515.0,77.07879067570627,116.04657879522333
366,138.0-3864.0,61.80593585397366,63.098860664111456
368,7127.0-1851.0,87.88659499573156,141.47656004404996
368,5612.0-2515.0,79.72768965758534,124.83533593762212
368,138.0-3864.0,64.2851449663845,71.93698490521629
370,7127.0-1851.0,90.34841328716695,150.31954419105713
370,5612.0-2515.0,82.33300748589849,133.63711058468843
370,138.0-3864.0,66.76435407879534,80.77510914632113
370,8826.0-1824.0,61.21588934793017,63.20670446975615
372,7127.0-1851.0,92.95293251907579,159.12155518257964
372,5612.0-2515.0,84.98468816349397,142.42502885401322
372,138.0-3864.0,69.24356319120618,89.61323338742596
372,8826.0-1824.0,62.84164230796087,72.24085330831406
374,5612.0-2515.0,87.71562094042153,151.18864249749205
374,138.0-3864.0,71.72277230361702,98.4513576285308
374,8826.0-1824.0,64.46739526799156,81.27500214687197
374,6154.0-377.0,63.38310603336596,62.55792923744552
376,5612.0-2515.0,90.65730531869923,159.88377969841434
376,138.0-3864.0,74.20198141602786,107.28948186963564
376,8826.0-1824.0,66.09314822802226,90.30915098542988
376,6154.0-377.0,66.91266603249576,71.03148363550119
378,138.0-3864.0,76.6811905284387,116.12760611074047
378,8826.0-1824.0,67.71890118805295,99.34329982398779
378,6154.0-377.0,70.44222603162558,79.50503803355686
378,3688.0-4666.0,61.35831213066975,63.091135063776605
380,138.0-3864.0,79.16039964084955,124.96573035184531
380,8826.0-1824.0,69.34465414808365,108.3774486625457
380,6154.0-377.0,73.97178603075538,87.97859243161253
380,3688.0-4666.0,62.59966858076668,72.18607607997174
382,138.0-3864.0,81.63960875326039,133.80385459295013
382,8826.0-1824.0,70.97040710811434,117.41159750110361
382,6154.0-377.0,77.50134602988518,96.4521468296682
382,3688.0-4666.0,63.84102503086361,81.28101709616688
382,6514.0-1986.0,63.84077178754878,62.410042722402316
384,138.0-3864.0,83.63960598342301,142.76258938105542
384,8826.0-1824.0,74.87589943888167,125.71858537749921
384,6154.0-377.0,81.030906029015,104.92570122772386
384,3688.0-4666.0,65.08238148096055,90.37595811236201
384,6514.0-1986.0,67.30117824818808,70.91207218903155
386,138.0-3864.0,85.61583883437622,151.72659638925657
386,8826.0-1824.0,78.8591007890897,133.9885929305772
386,6154.0-377.0,84.56046602814482,113.39925562577953
386,3688.0-4666.0,66.32373793105748,99.47089912855715
386,6514.0-1986.0,70.76158470882737,79.41410165566077
386,7887.0-1584.0,63.713739388779345,62.47051084265997
388,138.0-3864.0,87.52888662250449,160.70430022067157
388,8826.0-1824.0,82.95309167756626,142.20431910233685
388,6154.0-377.0,88.09002602727462,121.8728100238352
388,3688.0-4666.0,67.56509438115441,108.56584014475229
388,6514.0-1986.0,74.22199116946666,87.91613112229
388,7887.0-1584.0,66.78370380431254,71.12118922135524
390,8826.0-1824.0,87.22997593283753,150.32633726233124
390,6154.0-377.0,91.61958602640442,130.34636442189088
390,3688.0-4666.0,68.80645083125134,117.66078116094742
390,6514.0-1986.0,77.68239763010595,96.41816058891922
390,7887.0-1584.0,69.85366821984573,79.77186760005051
392,8826.0-1824.0,91.9425259778412,158.20356964417715
392,6154.0-377.0,93.48315846445526,139.33446854302807
392,3688.0-4666.0,72.40060483816909,126.10713983784618
392,6514.0-1986.0,81.14280409074524,104.92019005554845
392,7887.0-1584.0,72.92363263537891,88.42254597874579
394,6154.0-377.0,95.25562749413184,148.3409812678902
394,3688.0-4666.0,76.109364075991,134.50380720294623
394,6514.0-1986.0,84.60321055138454,113.42221952217767
394,7887.0-1584.0,75.9935970509121,97.07322435744106
396,6154.0-377.0,96.79596137507572,157.39008561359657
396,3688.0-4666.0,80.0067302044924,142.8146107251501
396,6514.0-1986.0,88.06361701202383,121.92424898880691
396,7887.0-1584.0,79.0635614664453,105.72390273613634
398,3688.0-4666.0,84.34869294260244,150.9020254854508
398,6514.0-1986.0,90.80542473255187,130.68446635756658
398,7887.0-1584.0,80.37550221925233,114.80893049533388
400,6514.0-1986.0,93.57364199991352,139.43637421156885
400,7887.0-1584.0,81.38067710943763,123.93299435769296
402,6514.0-1986.0,96.39342801055238,148.17180349572376
